{"initial_reset_timestamp": 1589050325.811309, "timestamps": [1589050331.2319996, 1589050338.5814028, 1589050356.2240143, 1589050383.8412683, 1589050399.784635, 1589050427.1238277, 1589050445.8973782, 1589050534.7697763, 1589050553.9115202, 1589050569.4585981], "episode_lengths": [281, 270, 196, 308, 177, 310, 208, 1000, 183, 171], "episode_rewards": [248.65786067910707, 261.1895666853686, -86.08576758554426, 277.28146406625194, 52.59723578678407, -241.36093166566906, -33.01314964258633, 137.2724351288729, -2.9800713538884906, 248.27870119235476], "episode_types": ["t", "t", "t", "t", "t", "t", "t", "t", "t", "t"]}